ENTRY_Z,FEATURE,MIN_OBS,MIN_STD,NORM,WEIGHTED,WINDOW,accuracy,ap,auroc,base_rate,f1,threshold
1.0,surprisal,3,0.25,none,False,5,0.6696914700544465,0.35438619618649914,0.686649403829941,0.20689655172413793,0.43125,5.0
1.0,surprisal,3,0.25,none,False,10,0.7168784029038112,0.36578049417176994,0.6989742663294392,0.20689655172413793,0.44680851063829785,6.0
1.0,surprisal,3,0.25,none,False,20,0.6460980036297641,0.37812461168685413,0.701914970492593,0.20689655172413793,0.44126074498567336,4.0
1.0,surprisal,3,0.25,none,True,5,0.6696914700544465,0.3502386127054237,0.6971977999919707,0.20689655172413793,0.46153846153846156,15.049622323433141
1.0,surprisal,3,0.25,none,True,10,0.6551724137931034,0.3374724626544531,0.6912762455337428,0.20689655172413793,0.45714285714285713,11.98287715709878
1.0,surprisal,3,0.25,none,True,20,0.6969147005444646,0.34336180278665546,0.6868200248906018,0.20689655172413793,0.44518272425249167,13.698617632363806
1.0,surprisal,3,0.25,sqrt,False,5,0.6860254083484574,0.3764057248658681,0.6852141796137942,0.20689655172413793,0.42524916943521596,0.9284766908852594
1.0,surprisal,3,0.25,sqrt,False,10,0.6533575317604355,0.38420782181598273,0.7060600586133526,0.20689655172413793,0.4619718309859155,0.6963106238227914
1.0,surprisal,3,0.25,sqrt,False,20,0.6969147005444646,0.41811680807484464,0.7066421775261954,0.20689655172413793,0.4524590163934426,0.813733471206735
1.0,surprisal,3,0.25,sqrt,True,5,0.6515426497277677,0.34220944626809435,0.6959131237705247,0.20689655172413793,0.45454545454545453,2.5850261250261743
1.0,surprisal,3,0.25,sqrt,True,10,0.6206896551724138,0.3217529495649495,0.6829057770283833,0.20689655172413793,0.45144356955380577,1.9291419627653783
1.0,surprisal,3,0.25,sqrt,True,20,0.6152450090744102,0.3200588319227861,0.6722670520695331,0.20689655172413793,0.42391304347826086,1.86728078174886
1.0,surprisal,3,0.25,len,False,5,0.588021778584392,0.28565837315720854,0.6552551286683528,0.20689655172413793,0.4223918575063613,0.1276595744680851
1.0,surprisal,3,0.25,len,False,10,0.6206896551724138,0.31709603606455233,0.6818017584005781,0.20689655172413793,0.45714285714285713,0.12121212121212122
1.0,surprisal,3,0.25,len,False,20,0.6533575317604355,0.3309830416562532,0.6793729174194066,0.20689655172413793,0.4298507462686567,0.12698412698412698
1.0,surprisal,3,0.25,len,True,5,0.5499092558983666,0.3066809699428942,0.6697579188245213,0.20689655172413793,0.4232558139534884,0.3457568213491705
1.0,surprisal,3,0.25,len,True,10,0.5535390199637024,0.27384343694332464,0.637520574892609,0.20689655172413793,0.41706161137440756,0.30510908975776563
1.0,surprisal,3,0.25,len,True,20,0.5281306715063521,0.2681752970811295,0.6151391063471034,0.20689655172413793,0.4063926940639269,0.23660271827025386
1.0,surprisal,3,0.5,none,False,5,0.6950998185117967,0.3598739753897883,0.6940061825043157,0.20689655172413793,0.436241610738255,5.0
1.0,surprisal,3,0.5,none,False,10,0.6751361161524501,0.37029424102037756,0.6997270063029427,0.20689655172413793,0.4525993883792049,4.0
1.0,surprisal,3,0.5,none,False,20,0.6152450090744102,0.3799404777626131,0.7048356015897869,0.20689655172413793,0.4421052631578947,3.0
1.0,surprisal,3,0.5,none,True,5,0.7005444646098004,0.37159757559874085,0.7086494841222049,0.20689655172413793,0.4794952681388013,8.523552485186132
1.0,surprisal,3,0.5,none,True,10,0.7041742286751361,0.3545831521929735,0.7065117025974548,0.20689655172413793,0.48253968253968255,8.244130587255828
1.0,surprisal,3,0.5,none,True,20,0.6987295825771325,0.3586680593734186,0.7057489260909712,0.20689655172413793,0.4713375796178344,8.200127113263616
1.0,surprisal,3,0.5,sqrt,False,5,0.7023593466424682,0.3756242288389483,0.6943976072905376,0.20689655172413793,0.4383561643835616,0.8006407690254357
1.0,surprisal,3,0.5,sqrt,False,10,0.6932849364791288,0.3948402138036308,0.7061303143442129,0.20689655172413793,0.4565916398713826,0.6963106238227914
1.0,surprisal,3,0.5,sqrt,False,20,0.7422867513611615,0.42881686136302083,0.7107370829820546,0.20689655172413793,0.4409448818897638,0.8703882797784892
1.0,surprisal,3,0.5,sqrt,True,5,0.6842105263157895,0.36928639979017003,0.7127243165121041,0.20689655172413793,0.4662576687116564,1.4729265189338638
1.0,surprisal,3,0.5,sqrt,True,10,0.6606170598911071,0.346137441855342,0.7038419848247621,0.20689655172413793,0.46418338108882523,1.2930534225172978
1.0,surprisal,3,0.5,sqrt,True,20,0.6551724137931034,0.3636358661855669,0.7033200851097997,0.20689655172413793,0.4602272727272727,1.234952057257422
1.0,surprisal,3,0.5,len,False,5,0.5535390199637024,0.3155526211830452,0.6761210807338713,0.20689655172413793,0.419811320754717,0.09375
1.0,surprisal,3,0.5,len,False,10,0.705989110707804,0.3362103965670285,0.6871311574129833,0.20689655172413793,0.4489795918367347,0.1282051282051282
1.0,surprisal,3,0.5,len,False,20,0.7386569872958257,0.34937236613186073,0.6906037978240797,0.20689655172413793,0.4375,0.14285714285714285
1.0,surprisal,3,0.5,len,True,5,0.6261343012704175,0.34034017644717357,0.6999177004295636,0.20689655172413793,0.44021739130434784,0.21483656431756987
1.0,surprisal,3,0.5,len,True,10,0.6533575317604355,0.3122906116732637,0.6774459030872375,0.20689655172413793,0.4463768115942029,0.22159561690419238
1.0,surprisal,3,0.5,len,True,20,0.647912885662432,0.30636842571051487,0.6698181380224015,0.20689655172413793,0.4393063583815029,0.21136172625223446
1.0,surprisal,3,1.0,none,False,5,0.676950998185118,0.3580716482598489,0.7011521939861094,0.20689655172413793,0.4506172839506173,3.0
1.0,surprisal,3,1.0,none,False,10,0.6733212341197822,0.36960409813953676,0.7109077040427155,0.20689655172413793,0.45121951219512196,3.0
1.0,surprisal,3,1.0,none,False,20,0.7295825771324864,0.38327939488918156,0.7139186639367296,0.20689655172413793,0.4620938628158845,4.0
1.0,surprisal,3,1.0,none,True,5,0.7041742286751361,0.3893894086504017,0.710586534987354,0.20689655172413793,0.4584717607973422,3.8978985454198747
1.0,surprisal,3,1.0,none,True,10,0.6424682395644283,0.3718070198247864,0.7102854389979526,0.20689655172413793,0.4602739726027397,2.139772614411666
1.0,surprisal,3,1.0,none,True,20,0.6733212341197822,0.38003148976679957,0.7145610020474528,0.20689655172413793,0.4642857142857143,2.854550674340429
1.0,surprisal,3,1.0,sqrt,False,5,0.6751361161524501,0.3934398727096893,0.7036914368300614,0.20689655172413793,0.4458204334365325,0.4685212856658182
1.0,surprisal,3,1.0,sqrt,False,10,0.6896551724137931,0.41199016951278217,0.718445140310731,0.20689655172413793,0.4672897196261682,0.4743416490252569
1.0,surprisal,3,1.0,sqrt,False,20,0.7132486388384754,0.42765998299745034,0.7230017262836725,0.20689655172413793,0.4768211920529801,0.52999894000318
1.0,surprisal,3,1.0,sqrt,True,5,0.7168784029038112,0.396719582191359,0.7123128186599221,0.20689655172413793,0.4583333333333333,0.701162169186239
1.0,surprisal,3,1.0,sqrt,True,10,0.6352087114337568,0.3741035958233259,0.709964269942591,0.20689655172413793,0.4582210242587601,0.39114742731658636
1.0,surprisal,3,1.0,sqrt,True,20,0.73502722323049,0.3819389536455149,0.7164679433136617,0.20689655172413793,0.4552238805970149,0.8391050424140326
1.0,surprisal,3,1.0,len,False,5,0.7695099818511797,0.3577796292007555,0.694287205427757,0.20689655172413793,0.4304932735426009,0.11363636363636363
1.0,surprisal,3,1.0,len,False,10,0.6460980036297641,0.38883323603661785,0.7116704805491991,0.20689655172413793,0.4475920679886686,0.075
1.0,surprisal,3,1.0,len,False,20,0.7912885662431942,0.39277969279413294,0.7177024368702075,0.20689655172413793,0.46511627906976744,0.12380952380952381
1.0,surprisal,3,1.0,len,True,5,0.6696914700544465,0.37326825764676586,0.7026576739331165,0.20689655172413793,0.44171779141104295,0.09293412220157617
1.0,surprisal,3,1.0,len,True,10,0.6370235934664247,0.3502605959471422,0.6959331968364848,0.20689655172413793,0.44751381215469616,0.07146735546519266
1.0,surprisal,3,1.0,len,True,20,0.7513611615245009,0.35587542970571623,0.7031394275161588,0.20689655172413793,0.44534412955465585,0.14182693117451403
1.0,entropy,3,0.25,none,False,5,0.647912885662432,0.3670102351759351,0.6926512505520093,0.20689655172413793,0.4393063583815029,6.0
1.0,entropy,3,0.25,none,False,10,0.6588021778584392,0.34935308657551795,0.6929021638765105,0.20689655172413793,0.4437869822485207,6.0
1.0,entropy,3,0.25,none,False,20,0.6279491833030852,0.3712949050689435,0.7077562326869806,0.20689655172413793,0.4533333333333333,5.0
1.0,entropy,3,0.25,none,True,5,0.647912885662432,0.3569172074182963,0.7009815729254486,0.20689655172413793,0.46111111111111114,7.478893473639367
1.0,entropy,3,0.25,none,True,10,0.6388384754990926,0.3459319273901535,0.6948592878076197,0.20689655172413793,0.4487534626038781,6.493996068467913
1.0,entropy,3,0.25,none,True,20,0.6696914700544465,0.3469022448010472,0.6903829940985186,0.20689655172413793,0.4382716049382716,7.482374143775656
1.0,entropy,3,0.25,sqrt,False,5,0.6805807622504537,0.3852176272420828,0.6961038178971456,0.20689655172413793,0.44654088050314467,1.150792911137501
1.0,entropy,3,0.25,sqrt,False,10,0.6860254083484574,0.3763156118406072,0.6993355815167208,0.20689655172413793,0.4437299035369775,1.1669199319831565
1.0,entropy,3,0.25,sqrt,False,20,0.6370235934664247,0.40029866642446643,0.7168995142318038,0.20689655172413793,0.4594594594594595,0.9428090415820635
1.0,entropy,3,0.25,sqrt,True,5,0.6243194192377496,0.35983256961370447,0.7030691717852985,0.20689655172413793,0.4595300261096606,1.372924709182471
1.0,entropy,3,0.25,sqrt,True,10,0.6696914700544465,0.34549002981363597,0.6921895700349271,0.20689655172413793,0.43478260869565216,1.4144883707130258
1.0,entropy,3,0.25,sqrt,True,20,0.515426497277677,0.33655457156255303,0.6789012003693444,0.20689655172413793,0.4258064516129032,0.7396677835832818
1.0,entropy,3,0.25,len,False,5,0.5771324863883848,0.3068422683868867,0.6741639568027621,0.20689655172413793,0.4275184275184275,0.18181818181818182
1.0,entropy,3,0.25,len,False,10,0.6551724137931034,0.3027126520521826,0.6791922598257658,0.20689655172413793,0.4476744186046512,0.1888111888111888
1.0,entropy,3,0.25,len,False,20,0.647912885662432,0.3295695878106583,0.6996868601710226,0.20689655172413793,0.4425287356321839,0.1891891891891892
1.0,entropy,3,0.25,len,True,5,0.5263157894736842,0.31494242277610174,0.664408446746156,0.20689655172413793,0.43628509719222464,0.21070884513998847
1.0,entropy,3,0.25,len,True,10,0.44646098003629764,0.284471670781672,0.6322513950780843,0.20689655172413793,0.41005802707930367,0.1332515582478565
1.0,entropy,3,0.25,len,True,20,0.455535390199637,0.2805342390747715,0.6201071901722269,0.20689655172413793,0.40476190476190477,0.11969277173054794
1.0,entropy,3,0.5,none,False,5,0.6116152450090744,0.3757781380661759,0.7141193945963307,0.20689655172413793,0.44559585492227977,4.0
1.0,entropy,3,0.5,none,False,10,0.6715063520871143,0.3662771674911192,0.7215765386005059,0.20689655172413793,0.45317220543806647,5.0
1.0,entropy,3,0.5,none,False,20,0.6206896551724138,0.3808739532240124,0.7236039182624754,0.20689655172413793,0.4599483204134367,4.0
1.0,entropy,3,0.5,none,True,5,0.6878402903811253,0.4026448876409645,0.736661447669517,0.20689655172413793,0.5028901734104047,2.98100166789498
1.0,entropy,3,0.5,none,True,10,0.7114337568058077,0.3951734617450242,0.7354269541129712,0.20689655172413793,0.49523809523809526,3.6695175507253266
1.0,entropy,3,0.5,none,True,20,0.6805807622504537,0.38990091221154344,0.7329479304668995,0.20689655172413793,0.49714285714285716,2.955847883266764
1.0,entropy,3,0.5,sqrt,False,5,0.588021778584392,0.4031417475481584,0.7217270865952066,0.20689655172413793,0.45823389021479716,0.6324555320336759
1.0,entropy,3,0.5,sqrt,False,10,0.6660617059891107,0.40006996106026993,0.7344032277490063,0.20689655172413793,0.4742857142857143,0.8017837257372732
1.0,entropy,3,0.5,sqrt,False,20,0.6896551724137931,0.4172784599661688,0.7352663695852905,0.20689655172413793,0.47058823529411764,0.9428090415820635
1.0,entropy,3,0.5,sqrt,True,5,0.7005444646098004,0.4173643748759279,0.7455136697579188,0.20689655172413793,0.5074626865671642,0.6274064378319654
1.0,entropy,3,0.5,sqrt,True,10,0.7241379310344828,0.4150688116154252,0.7471295515677064,0.20689655172413793,0.5159235668789809,0.6738347874270451
1.0,entropy,3,0.5,sqrt,True,20,0.7295825771324864,0.4156387157901859,0.7414187643020596,0.20689655172413793,0.5049833887043189,0.710583378383196
1.0,entropy,3,0.5,len,False,5,0.5662431941923775,0.356327307088596,0.7160263358625396,0.20689655172413793,0.45558086560364464,0.11428571428571428
1.0,entropy,3,0.5,len,False,10,0.6878402903811253,0.3649167644426621,0.7286924404833595,0.20689655172413793,0.47878787878787876,0.15384615384615385
1.0,entropy,3,0.5,len,False,20,0.6279491833030852,0.3826861934497106,0.7314926331847926,0.20689655172413793,0.4702842377260982,0.13333333333333333
1.0,entropy,3,0.5,len,True,5,0.6442831215970962,0.40539913020929985,0.7401742342125336,0.20689655172413793,0.4787234042553192,0.09650512489112172
1.0,entropy,3,0.5,len,True,10,0.6715063520871143,0.40643449950136695,0.738136818017584,0.20689655172413793,0.48725212464589235,0.10746930034845446
1.0,entropy,3,0.5,len,True,20,0.6370235934664247,0.4025191695414613,0.7275683487895941,0.20689655172413793,0.46808510638297873,0.0966551599072917
1.0,entropy,3,1.0,none,False,5,0.7005444646098004,0.36841534318869645,0.7311915371953912,0.20689655172413793,0.4827586206896552,2.0
1.0,entropy,3,1.0,none,False,10,0.7041742286751361,0.37226296997571506,0.7237544662571761,0.20689655172413793,0.4792332268370607,2.0
1.0,entropy,3,1.0,none,False,20,0.6969147005444646,0.37926407546488194,0.7284114175599181,0.20689655172413793,0.47318611987381703,2.0
1.0,entropy,3,1.0,none,True,5,0.7604355716878403,0.4039100891790676,0.7328074190051789,0.20689655172413793,0.47619047619047616,0.7086086314688447
1.0,entropy,3,1.0,none,True,10,0.7041742286751361,0.4092773959551506,0.7282809426311775,0.20689655172413793,0.4792332268370607,0.40475180041509806
1.0,entropy,3,1.0,none,True,20,0.7223230490018149,0.41338980822491933,0.7292845959291823,0.20689655172413793,0.4882943143812709,0.47792394163338203
1.0,entropy,3,1.0,sqrt,False,5,0.6987295825771325,0.4195732550820963,0.7351961138544302,0.20689655172413793,0.49390243902439024,0.2581988897471611
1.0,entropy,3,1.0,sqrt,False,10,0.7132486388384754,0.42600185224167203,0.7287727327471998,0.20689655172413793,0.487012987012987,0.28005601680560194
1.0,entropy,3,1.0,sqrt,False,20,0.7150635208711433,0.4277268174968654,0.7329981131317997,0.20689655172413793,0.49517684887459806,0.28005601680560194
1.0,entropy,3,1.0,sqrt,True,5,0.7604355716878403,0.41809692252740405,0.7346742141394677,0.20689655172413793,0.484375,0.11950784453907815
1.0,entropy,3,1.0,sqrt,True,10,0.7495462794918331,0.4326930821379551,0.7323557750210767,0.20689655172413793,0.48507462686567165,0.10095716482334893
1.0,entropy,3,1.0,sqrt,True,20,0.7404718693284936,0.4310388807912467,0.7317335099763138,0.20689655172413793,0.48375451263537905,0.09941717207331793
1.0,entropy,3,1.0,len,False,5,0.6950998185117967,0.4100989092905478,0.7265546589586094,0.20689655172413793,0.46835443037974683,0.05405405405405406
1.0,entropy,3,1.0,len,False,10,0.7513611615245009,0.42329481738064606,0.7226303745634108,0.20689655172413793,0.47509578544061304,0.06349206349206349
1.0,entropy,3,1.0,len,False,20,0.7422867513611615,0.4272358822023606,0.7285117828897186,0.20689655172413793,0.4855072463768116,0.06451612903225806
1.0,entropy,3,1.0,len,True,5,0.7840290381125227,0.42500109361802185,0.7295154361877233,0.20689655172413793,0.48034934497816595,0.022192049606494655
1.0,entropy,3,1.0,len,True,10,0.6152450090744102,0.4134721588649025,0.7236440643943955,0.20689655172413793,0.4619289340101523,0.004968550802254692
1.0,entropy,3,1.0,len,True,20,0.7259528130671506,0.41201489243533534,0.7238648681199567,0.20689655172413793,0.4664310954063604,0.01628249613521855
1.5,surprisal,3,0.25,none,False,5,0.6533575317604355,0.35005878985093436,0.6884860893652897,0.20689655172413793,0.4298507462686567,4.0
1.5,surprisal,3,0.25,none,False,10,0.6098003629764065,0.33122321089732004,0.6851037777510137,0.20689655172413793,0.4266666666666667,3.0
1.5,surprisal,3,0.25,none,False,20,0.6787658802177858,0.34357193663286767,0.6908346380826207,0.20689655172413793,0.43450479233226835,4.0
1.5,surprisal,3,0.25,none,True,5,0.6751361161524501,0.34701593865431957,0.6956120277811233,0.20689655172413793,0.4624624624624625,13.075608636787692
1.5,surprisal,3,0.25,none,True,10,0.6497277676950998,0.32952155236090686,0.6862780521096792,0.20689655172413793,0.45325779036827196,9.84845610012831
1.5,surprisal,3,0.25,none,True,20,0.6878402903811253,0.3260917178225196,0.6795937211449676,0.20689655172413793,0.44155844155844154,11.05746611123892
1.5,surprisal,3,0.25,sqrt,False,5,0.6878402903811253,0.37744672016002434,0.686880244088482,0.20689655172413793,0.4266666666666667,0.7715167498104595
1.5,surprisal,3,0.25,sqrt,False,10,0.5916515426497277,0.34353441578820765,0.6821028543899795,0.20689655172413793,0.4332493702770781,0.4743416490252569
1.5,surprisal,3,0.25,sqrt,False,20,0.6297640653357531,0.3650408541116839,0.6886667469589305,0.20689655172413793,0.43646408839779005,0.52999894000318
1.5,surprisal,3,0.25,sqrt,True,5,0.6442831215970962,0.3358325338577644,0.6916576337869846,0.20689655172413793,0.4431818181818182,2.1490678533823133
1.5,surprisal,3,0.25,sqrt,True,10,0.6098003629764065,0.30578621639736286,0.6736119474888594,0.20689655172413793,0.4386422976501306,1.5938491852462076
1.5,surprisal,3,0.25,sqrt,True,20,0.6188747731397459,0.3028162763738024,0.658677586414549,0.20689655172413793,0.4198895027624309,1.55580868393501
1.5,surprisal,3,0.25,len,False,5,0.647912885662432,0.28279448629231463,0.659309887992292,0.20689655172413793,0.4260355029585799,0.12048192771084337
1.5,surprisal,3,0.25,len,False,10,0.4791288566243194,0.26161077077077083,0.6410735075675459,0.20689655172413793,0.40824742268041236,0.06741573033707865
1.5,surprisal,3,0.25,len,False,20,0.588021778584392,0.27531344252426765,0.6465233449757116,0.20689655172413793,0.4103896103896104,0.08928571428571429
1.5,surprisal,3,0.25,len,True,5,0.5444646098003629,0.3023542619713453,0.6633746838492112,0.20689655172413793,0.4176334106728538,0.28517597509579956
1.5,surprisal,3,0.25,len,True,10,0.5716878402903811,0.27290850647830334,0.630294271146975,0.20689655172413793,0.4129353233830846,0.25994271073579844
1.5,surprisal,3,0.25,len,True,20,0.5245009074410163,0.2664273841678575,0.6057649845437392,0.20689655172413793,0.4018264840182648,0.1814794548293287
1.5,surprisal,3,0.5,none,False,5,0.647912885662432,0.36030163972576795,0.7002790156168454,0.20689655172413793,0.4393063583815029,3.0
1.5,surprisal,3,0.5,none,False,10,0.6569872958257713,0.34380554828672727,0.6930828214701513,0.20689655172413793,0.4424778761061947,3.0
1.5,surprisal,3,0.5,none,False,20,0.7241379310344828,0.35270684635918675,0.7049861495844876,0.20689655172413793,0.45714285714285713,4.0
1.5,surprisal,3,0.5,none,True,5,0.691470054446461,0.3671648335104239,0.7072644425709583,0.20689655172413793,0.4785276073619632,6.5115961127853375
1.5,surprisal,3,0.5,none,True,10,0.6588021778584392,0.34667862426115376,0.7025171624713958,0.20689655172413793,0.47191011235955055,5.020500189768291
1.5,surprisal,3,0.5,none,True,20,0.6896551724137931,0.3456986673327467,0.6994660564454614,0.20689655172413793,0.46394984326018807,6.356724586359487
1.5,surprisal,3,0.5,sqrt,False,5,0.647912885662432,0.3924740439328306,0.7024167971415954,0.20689655172413793,0.4519774011299435,0.4629100498862757
1.5,surprisal,3,0.5,sqrt,False,10,0.6715063520871143,0.36979887432368014,0.6947689590107993,0.20689655172413793,0.44648318042813456,0.50709255283711
1.5,surprisal,3,0.5,sqrt,False,20,0.7023593466424682,0.3943583765945372,0.7105463888554338,0.20689655172413793,0.4675324675324675,0.52999894000318
1.5,surprisal,3,0.5,sqrt,True,5,0.6460980036297641,0.3616782149140633,0.7082480228030029,0.20689655172413793,0.4657534246575342,0.8912287882184013
1.5,surprisal,3,0.5,sqrt,True,10,0.6515426497277677,0.33717324029596846,0.6975591151792525,0.20689655172413793,0.4576271186440678,0.92096990368948
1.5,surprisal,3,0.5,sqrt,True,20,0.6243194192377496,0.3409909261374952,0.6916777068529447,0.20689655172413793,0.45382585751978893,0.778939071221961
1.5,surprisal,3,0.5,len,False,5,0.5753176043557169,0.3302331915916634,0.6850034124212132,0.20689655172413793,0.43478260869565216,0.06993006993006994
1.5,surprisal,3,0.5,len,False,10,0.573502722323049,0.30201117268672006,0.6739832992091213,0.20689655172413793,0.4282238442822384,0.06716417910447761
1.5,surprisal,3,0.5,len,False,20,0.6733212341197822,0.3282238833162212,0.6920691316391666,0.20689655172413793,0.44785276073619634,0.08496732026143791
1.5,surprisal,3,0.5,len,True,5,0.7259528130671506,0.3313062665477435,0.6918684009795656,0.20689655172413793,0.43866171003717475,0.2504460043378976
1.5,surprisal,3,0.5,len,True,10,0.5771324863883848,0.3034505363902364,0.6687141193945964,0.20689655172413793,0.43855421686746987,0.1188195051248411
1.5,surprisal,3,0.5,len,True,20,0.6406533575317604,0.29775808723006353,0.6592396322614316,0.20689655172413793,0.4342857142857143,0.15713504800657846
1.5,surprisal,3,1.0,none,False,5,0.7277676950998185,0.3526417416724146,0.7012425227829299,0.20689655172413793,0.44029850746268656,3.0
1.5,surprisal,3,1.0,none,False,10,0.7223230490018149,0.33737642582205274,0.6943474246256374,0.20689655172413793,0.42696629213483145,3.0
1.5,surprisal,3,1.0,none,False,20,0.7731397459165155,0.35449743546450124,0.7066923601910956,0.20689655172413793,0.4444444444444444,4.0
1.5,surprisal,3,1.0,none,True,5,0.6152450090744102,0.3772995701268644,0.7051868802440885,0.20689655172413793,0.4536082474226804,0.8375703899189828
1.5,surprisal,3,1.0,none,True,10,0.6279491833030852,0.35789234911300066,0.7045545786663455,0.20689655172413793,0.46194225721784776,0.8937875459407225
1.5,surprisal,3,1.0,none,True,20,0.6243194192377496,0.3637724283520251,0.7054076839696495,0.20689655172413793,0.4595300261096606,0.8972106261917361
1.5,surprisal,3,1.0,sqrt,False,5,0.6733212341197822,0.3935664731781645,0.7005801116062468,0.20689655172413793,0.45121951219512196,0.3086066999241838
1.5,surprisal,3,1.0,sqrt,False,10,0.6442831215970962,0.3766043288186079,0.6913364647316231,0.20689655172413793,0.43023255813953487,0.25916052767440806
1.5,surprisal,3,1.0,sqrt,False,20,0.7840290381125227,0.4066874021131632,0.7072544060379783,0.20689655172413793,0.45161290322580644,0.5883484054145521
1.5,surprisal,3,1.0,sqrt,True,5,0.6515426497277677,0.3769502645965675,0.703801838692842,0.20689655172413793,0.45454545454545453,0.2647266848972645
1.5,surprisal,3,1.0,sqrt,True,10,0.6515426497277677,0.35098354153973743,0.7022461760809346,0.20689655172413793,0.4576271186440678,0.2524723782602791
1.5,surprisal,3,1.0,sqrt,True,20,0.6606170598911071,0.3552739149089915,0.7054679031675298,0.20689655172413793,0.45481049562682213,0.2863028317094776
1.5,surprisal,3,1.0,len,False,5,0.7041742286751361,0.35805320744940994,0.6867296960937813,0.20689655172413793,0.44745762711864406,0.06382978723404255
1.5,surprisal,3,1.0,len,False,10,0.7041742286751361,0.33228666185819516,0.6775763780159781,0.20689655172413793,0.4280701754385965,0.06289308176100629
1.5,surprisal,3,1.0,len,False,20,0.73502722323049,0.3684325638291729,0.6941266209000763,0.20689655172413793,0.44696969696969696,0.07086614173228346
1.5,surprisal,3,1.0,len,True,5,0.6442831215970962,0.3510935503892166,0.6944277168894777,0.20689655172413793,0.449438202247191,0.04246228083532059
1.5,surprisal,3,1.0,len,True,10,0.662431941923775,0.3326900795002288,0.6875526917981453,0.20689655172413793,0.45930232558139533,0.04695349794572963
1.5,surprisal,3,1.0,len,True,20,0.6551724137931034,0.3308812354292934,0.6912160263358625,0.20689655172413793,0.4540229885057471,0.04554741720453115
1.5,entropy,3,0.25,none,False,5,0.617059891107078,0.328400033319083,0.682845557830503,0.20689655172413793,0.4490861618798956,4.0
1.5,entropy,3,0.25,none,False,10,0.617059891107078,0.32204603896230716,0.6848729374924726,0.20689655172413793,0.4250681198910082,4.0
1.5,entropy,3,0.25,none,False,20,0.631578947368421,0.3211157444035901,0.6920189489742663,0.20689655172413793,0.4438356164383562,4.0
1.5,entropy,3,0.25,none,True,5,0.6279491833030852,0.3467367539236818,0.698101087960175,0.20689655172413793,0.4562334217506631,4.817606899332124
1.5,entropy,3,0.25,none,True,10,0.6751361161524501,0.33502223120892,0.6871612670119234,0.20689655172413793,0.43174603174603177,5.2763718578089165
1.5,entropy,3,0.25,none,True,20,0.6206896551724138,0.3287059894524617,0.6690955076478381,0.20689655172413793,0.41456582633053224,3.832233618188841
1.5,entropy,3,0.25,sqrt,False,5,0.6206896551724138,0.33033718651320837,0.6744349431932233,0.20689655172413793,0.44266666666666665,0.7184212081070996
1.5,entropy,3,0.25,sqrt,False,10,0.52994555353902,0.32979904993553755,0.6763920671243325,0.20689655172413793,0.43326039387308535,0.5163977794943222
1.5,entropy,3,0.25,sqrt,False,20,0.5626134301270418,0.32989589279044046,0.6838592476614879,0.20689655172413793,0.44341801385681295,0.50709255283711
1.5,entropy,3,0.25,sqrt,True,5,0.6134301270417423,0.35335587930971674,0.6951704203300012,0.20689655172413793,0.4496124031007752,0.9245573073349788
1.5,entropy,3,0.25,sqrt,True,10,0.5372050816696915,0.3319442785427193,0.6735918744228994,0.20689655172413793,0.41647597254004576,0.611893620060258
1.5,entropy,3,0.25,sqrt,True,20,0.4646098003629764,0.31789874563095255,0.6432815448231562,0.20689655172413793,0.40404040404040403,0.3235958463019467
1.5,entropy,3,0.25,len,False,5,0.5698729582577132,0.24856042757847643,0.6202175920350075,0.20689655172413793,0.42053789731051344,0.12698412698412698
1.5,entropy,3,0.25,len,False,10,0.5099818511796733,0.2529679357250682,0.6223754466257176,0.20689655172413793,0.40789473684210525,0.10344827586206896
1.5,entropy,3,0.25,len,False,20,0.46823956442831216,0.2656641481295212,0.6307559516640572,0.20689655172413793,0.4104627766599598,0.08333333333333333
1.5,entropy,3,0.25,len,True,5,0.5081669691470054,0.3153662531097953,0.652113693845598,0.20689655172413793,0.42217484008528783,0.13234935625491132
1.5,entropy,3,0.25,len,True,10,0.44101633393829404,0.2794247917276235,0.6186719659560801,0.20689655172413793,0.396078431372549,0.07075155824785652
1.5,entropy,3,0.25,len,True,20,0.3992740471869328,0.2684745116476291,0.5951061865189289,0.20689655172413793,0.38589981447124305,0.043287161788143215
1.5,entropy,3,0.5,none,False,5,0.6969147005444646,0.3562559588706783,0.7163675779838613,0.20689655172413793,0.48615384615384616,3.0
1.5,entropy,3,0.5,none,False,10,0.691470054446461,0.3545747172802837,0.7209342004897829,0.20689655172413793,0.49101796407185627,3.0
1.5,entropy,3,0.5,none,False,20,0.6860254083484574,0.3464440403827803,0.719077441888474,0.20689655172413793,0.4835820895522388,3.0
1.5,entropy,3,0.5,none,True,5,0.705989110707804,0.397164331524918,0.7300172628367256,0.20689655172413793,0.5030674846625767,1.6675869451624816
1.5,entropy,3,0.5,none,True,10,0.7241379310344828,0.3795574407841676,0.7279497370428359,0.20689655172413793,0.5,1.86309348268545
1.5,entropy,3,0.5,none,True,20,0.7041742286751361,0.37951070726420466,0.7241258179774379,0.20689655172413793,0.4953560371517028,1.7163080138235194
1.5,entropy,3,0.5,sqrt,False,5,0.7096188747731398,0.3876531489399855,0.7228411417559918,0.20689655172413793,0.47368421052631576,0.5388159060803247
1.5,entropy,3,0.5,sqrt,False,10,0.7114337568058077,0.38492546360265545,0.7275783853225741,0.20689655172413793,0.5015673981191222,0.5039526306789696
1.5,entropy,3,0.5,sqrt,False,20,0.7041742286751361,0.3869948691505014,0.72456742542856,0.20689655172413793,0.4953560371517028,0.50709255283711
1.5,entropy,3,0.5,sqrt,True,5,0.6823956442831216,0.4063976826228254,0.7310409892006905,0.20689655172413793,0.4868035190615836,0.2934380549026828
1.5,entropy,3,0.5,sqrt,True,10,0.7277676950998185,0.400738410010014,0.7311012083985708,0.20689655172413793,0.4863013698630137,0.3563017746345236
1.5,entropy,3,0.5,sqrt,True,20,0.7386569872958257,0.4070880072579175,0.7228411417559918,0.20689655172413793,0.49295774647887325,0.39920902481723763
1.5,entropy,3,0.5,len,False,5,0.6370235934664247,0.35770528286694664,0.7107471195150348,0.20689655172413793,0.45652173913043476,0.0718954248366013
1.5,entropy,3,0.5,len,False,10,0.6569872958257713,0.36920321446760523,0.7096029547553093,0.20689655172413793,0.46153846153846156,0.08108108108108109
1.5,entropy,3,0.5,len,False,20,0.6497277676950998,0.3674176522357078,0.705287245573889,0.20689655172413793,0.4563380281690141,0.0821917808219178
1.5,entropy,3,0.5,len,True,5,0.6497277676950998,0.39331962455017805,0.7153438516198964,0.20689655172413793,0.45938375350140054,0.0483923826624316
1.5,entropy,3,0.5,len,True,10,0.6297640653357531,0.39065128907790664,0.7093620779637881,0.20689655172413793,0.4631578947368421,0.03970111622198656
1.5,entropy,3,0.5,len,True,20,0.617059891107078,0.3826939619849274,0.6999177004295636,0.20689655172413793,0.4490861618798956,0.039576998524430244
1.5,entropy,3,1.0,none,False,5,0.7568058076225045,0.27238897706316006,0.6568007547472801,0.20689655172413793,0.4462809917355372,1.0
1.5,entropy,3,1.0,none,False,10,0.7604355716878403,0.24270070259729326,0.6469549158938537,0.20689655172413793,0.4358974358974359,1.0
1.5,entropy,3,1.0,none,False,20,0.7568058076225045,0.24117359611330658,0.6445762575775824,0.20689655172413793,0.4322033898305085,1.0
1.5,entropy,3,1.0,none,True,5,0.7586206896551724,0.2991239309080369,0.6543016580352483,0.20689655172413793,0.44813278008298757,0.000794515851012978
1.5,entropy,3,1.0,none,True,10,0.7695099818511797,0.3065943580962545,0.6507487253603116,0.20689655172413793,0.44541484716157204,0.015089413833132115
1.5,entropy,3,1.0,none,True,20,0.7713248638838476,0.3087656160606241,0.6479786422578184,0.20689655172413793,0.4375,0.019865115760767216
1.5,entropy,3,1.0,sqrt,False,5,0.7568058076225045,0.33262332301792835,0.6581255771006463,0.20689655172413793,0.4462809917355372,0.07930515857181442
1.5,entropy,3,1.0,sqrt,False,10,0.7604355716878403,0.28433589819020566,0.6455297282106869,0.20689655172413793,0.4358974358974359,0.07930515857181442
1.5,entropy,3,1.0,sqrt,False,20,0.7568058076225045,0.28675095084865315,0.6451985226223453,0.20689655172413793,0.4322033898305085,0.07930515857181442
1.5,entropy,3,1.0,sqrt,True,5,0.7586206896551724,0.3138273191367812,0.655084507607692,0.20689655172413793,0.44813278008298757,0.0001225964574092848
1.5,entropy,3,1.0,sqrt,True,10,0.7713248638838476,0.30627597757650177,0.6500461680517082,0.20689655172413793,0.4473684210526316,0.0023362715789360866
1.5,entropy,3,1.0,sqrt,True,20,0.778584392014519,0.3081858918463386,0.6481592998514593,0.20689655172413793,0.44036697247706424,0.004571910697246007
1.5,entropy,3,1.0,len,False,5,0.7568058076225045,0.32723615895959435,0.6574631659239633,0.20689655172413793,0.4462809917355372,0.006289308176100629
1.5,entropy,3,1.0,len,False,10,0.7604355716878403,0.2861401649092018,0.6447669517042033,0.20689655172413793,0.4358974358974359,0.006289308176100629
1.5,entropy,3,1.0,len,False,20,0.7568058076225045,0.2879591654259057,0.6446565498414227,0.20689655172413793,0.4322033898305085,0.006289308176100629
1.5,entropy,3,1.0,len,True,5,0.7586206896551724,0.3181989272044753,0.6553655305311333,0.20689655172413793,0.44813278008298757,1.891704407173757e-05
1.5,entropy,3,1.0,len,True,10,0.7713248638838476,0.30882995885387143,0.6494439760729054,0.20689655172413793,0.4473684210526316,0.000256439120996865
1.5,entropy,3,1.0,len,True,20,0.764065335753176,0.3124113474699578,0.6477578385322574,0.20689655172413793,0.43478260869565216,0.00018726370099813957
2.0,surprisal,3,0.25,none,False,5,0.6297640653357531,0.34599676022508674,0.6895599983941547,0.20689655172413793,0.43956043956043955,3.0
2.0,surprisal,3,0.25,none,False,10,0.6424682395644283,0.31517870986157437,0.678389337187362,0.20689655172413793,0.4289855072463768,3.0
2.0,surprisal,3,0.25,none,False,20,0.6515426497277677,0.32049139428500784,0.6798145248705287,0.20689655172413793,0.4251497005988024,3.0
2.0,surprisal,3,0.25,none,True,5,0.6642468239564429,0.34282278607639743,0.6913364647316231,0.20689655172413793,0.4444444444444444,10.920924442794888
2.0,surprisal,3,0.25,none,True,10,0.6333938294010889,0.323726419510612,0.6818920871973986,0.20689655172413793,0.44505494505494503,7.588842504766944
2.0,surprisal,3,0.25,none,True,20,0.6696914700544465,0.3158651925815722,0.6738327512144205,0.20689655172413793,0.43478260869565216,8.586830410233453
2.0,surprisal,3,0.25,sqrt,False,5,0.617059891107078,0.38446122217455125,0.6909550764783813,0.20689655172413793,0.44327176781002636,0.4743416490252569
2.0,surprisal,3,0.25,sqrt,False,10,0.6370235934664247,0.33578448862373156,0.6715343851619896,0.20689655172413793,0.4318181818181818,0.4743416490252569
2.0,surprisal,3,0.25,sqrt,False,20,0.6406533575317604,0.35369919651636655,0.6723373078003935,0.20689655172413793,0.41420118343195267,0.46499055497527714
2.0,surprisal,3,0.25,sqrt,True,5,0.6460980036297641,0.32831362848371015,0.6860973945160384,0.20689655172413793,0.4314868804664723,1.8912227279956226
2.0,surprisal,3,0.25,sqrt,True,10,0.5862068965517241,0.29874476840222836,0.6668573607932876,0.20689655172413793,0.4271356783919598,1.2095863443327648
2.0,surprisal,3,0.25,sqrt,True,20,0.5789473684210527,0.29144365227366414,0.6477377654662974,0.20689655172413793,0.41708542713567837,1.0791772337899996
2.0,surprisal,3,0.25,len,False,5,0.52994555353902,0.29606636500353956,0.6627624553374283,0.20689655172413793,0.4126984126984127,0.075
2.0,surprisal,3,0.25,len,False,10,0.515426497277677,0.2675888143937726,0.6254566622505922,0.20689655172413793,0.40268456375838924,0.06451612903225806
2.0,surprisal,3,0.25,len,False,20,0.49727767695099817,0.2688814344717663,0.6228973463406801,0.20689655172413793,0.39651416122004357,0.05405405405405406
2.0,surprisal,3,0.25,len,True,5,0.5680580762250453,0.29743233473701997,0.6573326909952226,0.20689655172413793,0.4166666666666667,0.2698354341962328
2.0,surprisal,3,0.25,len,True,10,0.4809437386569873,0.26959489457028235,0.623941145770605,0.20689655172413793,0.4066390041493776,0.11377806719927151
2.0,surprisal,3,0.25,len,True,20,0.49364791288566245,0.26198911716323975,0.6012284716367577,0.20689655172413793,0.4025695931477516,0.10847913708110708
2.0,surprisal,3,0.5,none,False,5,0.691470054446461,0.340957520924036,0.692570958288169,0.20689655172413793,0.4444444444444444,3.0
2.0,surprisal,3,0.5,none,False,10,0.6860254083484574,0.31769742423945824,0.687934080051387,0.20689655172413793,0.4364820846905538,3.0
2.0,surprisal,3,0.5,none,False,20,0.604355716878403,0.327954341173604,0.6903227749006383,0.20689655172413793,0.42021276595744683,2.0
2.0,surprisal,3,0.5,none,True,5,0.6606170598911071,0.35829743109471957,0.7052270263760086,0.20689655172413793,0.46418338108882523,4.06982225605716
2.0,surprisal,3,0.5,none,True,10,0.6460980036297641,0.3388881701498572,0.6984122204825565,0.20689655172413793,0.4598337950138504,3.56576766644638
2.0,surprisal,3,0.5,none,True,20,0.6497277676950998,0.33464009887039053,0.6918182183146654,0.20689655172413793,0.45938375350140054,3.5567271067885478
2.0,surprisal,3,0.5,sqrt,False,5,0.6569872958257713,0.3861073200194224,0.6899714962463367,0.20689655172413793,0.42900302114803623,0.41602514716892186
2.0,surprisal,3,0.5,sqrt,False,10,0.6642468239564429,0.3492352499785605,0.6836384439359268,0.20689655172413793,0.4307692307692308,0.42008402520840293
2.0,surprisal,3,0.5,sqrt,False,20,0.5916515426497277,0.3706917017683981,0.6856758601308763,0.20689655172413793,0.42748091603053434,0.2672612419124244
2.0,surprisal,3,0.5,sqrt,True,5,0.6569872958257713,0.34835186027320947,0.7037014733630415,0.20689655172413793,0.46153846153846156,0.7445969558368019
2.0,surprisal,3,0.5,sqrt,True,10,0.6569872958257713,0.3250647760632898,0.6909851860773214,0.20689655172413793,0.45217391304347826,0.7285350997719189
2.0,surprisal,3,0.5,sqrt,True,20,0.662431941923775,0.32260749657149157,0.68007547472801,0.20689655172413793,0.44642857142857145,0.7621487374828527
2.0,surprisal,3,0.5,len,False,5,0.455535390199637,0.3371052041789066,0.6685635713998956,0.20689655172413793,0.4094488188976378,0.03125
2.0,surprisal,3,0.5,len,False,10,0.6152450090744102,0.28703389237746635,0.653809867919226,0.20689655172413793,0.40782122905027934,0.06349206349206349
2.0,surprisal,3,0.5,len,False,20,0.4791288566243194,0.2885914029041005,0.6498454373921073,0.20689655172413793,0.4130879345603272,0.03125
2.0,surprisal,3,0.5,len,True,5,0.617059891107078,0.3219150219290866,0.6869203902204023,0.20689655172413793,0.43733333333333335,0.11607298675424242
2.0,surprisal,3,0.5,len,True,10,0.6206896551724138,0.2986623976587032,0.6660745112208438,0.20689655172413793,0.4366576819407008,0.10977157029116001
2.0,surprisal,3,0.5,len,True,20,0.6261343012704175,0.29252060947736597,0.6541812196394877,0.20689655172413793,0.4371584699453552,0.10847913708110708
2.0,surprisal,3,1.0,none,False,5,0.7132486388384754,0.34518861737654877,0.6991850335220201,0.20689655172413793,0.44755244755244755,2.0
2.0,surprisal,3,1.0,none,False,10,0.7132486388384754,0.3386096212400215,0.705919547151632,0.20689655172413793,0.44366197183098594,2.0
2.0,surprisal,3,1.0,none,False,20,0.5843920145190563,0.332089213670203,0.6995363121763218,0.20689655172413793,0.43734643734643736,1.0
2.0,surprisal,3,1.0,none,True,5,0.705989110707804,0.3564717738447767,0.6927616524147898,0.20689655172413793,0.4489795918367347,1.696152618440101
2.0,surprisal,3,1.0,none,True,10,0.6098003629764065,0.34001390352205413,0.694297241960737,0.20689655172413793,0.45012787723785164,0.15920544711411821
2.0,surprisal,3,1.0,none,True,20,0.6243194192377496,0.34216303399078996,0.6944176803564976,0.20689655172413793,0.4509283819628647,0.3257975305338592
2.0,surprisal,3,1.0,sqrt,False,5,0.7404718693284936,0.39849112148775284,0.6986631338070577,0.20689655172413793,0.46037735849056605,0.2917299829957891
2.0,surprisal,3,1.0,sqrt,False,10,0.7459165154264973,0.3769598363156316,0.7047151631940263,0.20689655172413793,0.453125,0.30151134457776363
2.0,surprisal,3,1.0,sqrt,False,20,0.73502722323049,0.37635793844237253,0.6972078365249508,0.20689655172413793,0.45112781954887216,0.2917299829957891
2.0,surprisal,3,1.0,sqrt,True,5,0.6696914700544465,0.3485082170260402,0.6899514231803766,0.20689655172413793,0.4451219512195122,0.1711539111316781
2.0,surprisal,3,1.0,sqrt,True,10,0.6715063520871143,0.32975750206149174,0.6899815327793167,0.20689655172413793,0.44984802431610943,0.17446538156348493
2.0,surprisal,3,1.0,sqrt,True,20,0.631578947368421,0.3378444659186528,0.6913465012646032,0.20689655172413793,0.44986449864498645,0.0828241409776136
2.0,surprisal,3,1.0,len,False,5,0.604355716878403,0.34076292793897306,0.6837588823316874,0.20689655172413793,0.4381443298969072,0.023255813953488372
2.0,surprisal,3,1.0,len,False,10,0.6079854809437386,0.33303075039220653,0.6902725922357381,0.20689655172413793,0.4517766497461929,0.0196078431372549
2.0,surprisal,3,1.0,len,False,20,0.5970961887477314,0.3184548761025581,0.6817515757356779,0.20689655172413793,0.4393939393939394,0.0196078431372549
2.0,surprisal,3,1.0,len,True,5,0.6188747731397459,0.3292014226203423,0.6816211008069373,0.20689655172413793,0.4473684210526316,0.01125234633063276
2.0,surprisal,3,1.0,len,True,10,0.6823956442831216,0.3151858221982948,0.6778975470713396,0.20689655172413793,0.45482866043613707,0.029979888888212874
2.0,surprisal,3,1.0,len,True,20,0.6388384754990926,0.31133166722998884,0.6788409811714641,0.20689655172413793,0.45179063360881544,0.015116159127521001
2.0,entropy,3,0.25,none,False,5,0.6098003629764065,0.2997148565562737,0.6844614396402906,0.20689655172413793,0.4356955380577428,3.0
2.0,entropy,3,0.25,none,False,10,0.6279491833030852,0.29066370275169967,0.6833674575454655,0.20689655172413793,0.43213296398891965,3.0
2.0,entropy,3,0.25,none,False,20,0.6370235934664247,0.2813352580103164,0.6742944317315027,0.20689655172413793,0.42528735632183906,3.0
2.0,entropy,3,0.25,none,True,5,0.6678765880217786,0.3486444167310934,0.6918985105785057,0.20689655172413793,0.43343653250773995,4.335173890324963
2.0,entropy,3,0.25,none,True,10,0.6715063520871143,0.3341310185400255,0.6759203500742703,0.20689655172413793,0.43260188087774293,3.3879971472422037
2.0,entropy,3,0.25,none,True,20,0.4882032667876588,0.3159947864881438,0.6495945240676061,0.20689655172413793,0.40756302521008403,0.7902846214197479
2.0,entropy,3,0.25,sqrt,False,5,0.6025408348457351,0.31005810187082855,0.6756292906178489,0.20689655172413793,0.4370179948586118,0.5039526306789696
2.0,entropy,3,0.25,sqrt,False,10,0.6442831215970962,0.3117051654981026,0.6733409610983981,0.20689655172413793,0.43352601156069365,0.50709255283711
2.0,entropy,3,0.25,sqrt,False,20,0.6279491833030852,0.29938791116916835,0.6552149825364326,0.20689655172413793,0.4225352112676056,0.4629100498862757
2.0,entropy,3,0.25,sqrt,True,5,0.52994555353902,0.3591535908619382,0.6857762254606768,0.20689655172413793,0.42058165548098436,0.45724493780792824
2.0,entropy,3,0.25,sqrt,True,10,0.6460980036297641,0.31562078165739693,0.6551447268055722,0.20689655172413793,0.4072948328267477,0.5899814476542957
2.0,entropy,3,0.25,sqrt,True,20,0.44646098003629764,0.2980611266743851,0.6218936930426754,0.20689655172413793,0.40078585461689586,0.11091666917124708
2.0,entropy,3,0.25,len,False,5,0.5136116152450091,0.270321081170639,0.6236500863141836,0.20689655172413793,0.40444444444444444,0.0784313725490196
2.0,entropy,3,0.25,len,False,10,0.4827586206896552,0.27758045942530574,0.6073507567545867,0.20689655172413793,0.3897216274089936,0.06172839506172839
2.0,entropy,3,0.25,len,False,20,0.3738656987295826,0.25778067236590774,0.5946043598699265,0.20689655172413793,0.3828264758497317,0.02040816326530612
2.0,entropy,3,0.25,len,True,5,0.47731397459165154,0.32344466391746046,0.6447468786382432,0.20689655172413793,0.4049586776859504,0.06911454479647641
2.0,entropy,3,0.25,len,True,10,0.4827586206896552,0.2727597233247589,0.6087558713717933,0.20689655172413793,0.39232409381663114,0.048101479365512664
2.0,entropy,3,0.25,len,True,20,0.4101633393829401,0.25269294127623293,0.584336986631338,0.20689655172413793,0.3925233644859813,0.011733952140783419
2.0,entropy,3,0.5,none,False,5,0.705989110707804,0.34102717236126034,0.7217672327271267,0.20689655172413793,0.474025974025974,2.0
2.0,entropy,3,0.5,none,False,10,0.6987295825771325,0.31409893113748727,0.7013830342446505,0.20689655172413793,0.45394736842105265,2.0
2.0,entropy,3,0.5,none,False,20,0.6969147005444646,0.31035212825731345,0.7081075113412822,0.20689655172413793,0.459546925566343,2.0
2.0,entropy,3,0.5,none,True,5,0.6660617059891107,0.37995440654852974,0.7197599261311173,0.20689655172413793,0.47126436781609193,0.571872851771785
2.0,entropy,3,0.5,none,True,10,0.7096188747731398,0.37380397540447813,0.7151933036251957,0.20689655172413793,0.47019867549668876,0.8029996373114594
2.0,entropy,3,0.5,none,True,20,0.7259528130671506,0.3677905134403202,0.7115299690874785,0.20689655172413793,0.4738675958188153,0.9558478832667641
2.0,entropy,3,0.5,sqrt,False,5,0.7078039927404719,0.38293465707552415,0.7211048215504436,0.20689655172413793,0.48562300319488816,0.2581988897471611
2.0,entropy,3,0.5,sqrt,False,10,0.6969147005444646,0.3734272159815762,0.6986229876751375,0.20689655172413793,0.4560260586319218,0.2519763153394848
2.0,entropy,3,0.5,sqrt,False,20,0.7168784029038112,0.35823850581086614,0.7045646151993256,0.20689655172413793,0.48,0.28005601680560194
2.0,entropy,3,0.5,sqrt,True,5,0.6896551724137931,0.39537626149778116,0.7188967842948332,0.20689655172413793,0.4536741214057508,0.1357944678743285
2.0,entropy,3,0.5,sqrt,True,10,0.6243194192377496,0.3798866551668302,0.7116403709502589,0.20689655172413793,0.4595300261096606,0.05962260962705631
2.0,entropy,3,0.5,sqrt,True,20,0.6950998185117967,0.38251264342639163,0.7055481954313702,0.20689655172413793,0.45454545454545453,0.1445066335261552
2.0,entropy,3,0.5,len,False,5,0.5644283121597096,0.3444726659966854,0.700640330804127,0.20689655172413793,0.4444444444444444,0.024390243902439025
2.0,entropy,3,0.5,len,False,10,0.5499092558983666,0.3441156387644626,0.667158456782689,0.20689655172413793,0.42857142857142855,0.022222222222222223
2.0,entropy,3,0.5,len,False,20,0.5898366606170599,0.3423714937402324,0.6776667068127986,0.20689655172413793,0.43781094527363185,0.030303030303030304
2.0,entropy,3,0.5,len,True,5,0.5698729582577132,0.3844271876775315,0.7055281223654101,0.20689655172413793,0.44755244755244755,0.00475578348579522
2.0,entropy,3,0.5,len,True,10,0.6188747731397459,0.3631566844162656,0.6914267935284435,0.20689655172413793,0.45595854922279794,0.009937101604509384
2.0,entropy,3,0.5,len,True,20,0.5607985480943739,0.36205288863017066,0.6872616323417239,0.20689655172413793,0.4398148148148148,0.0006968296268446158
2.0,entropy,3,1.0,none,False,5,0.20689655172413793,0.12848730066994513,0.5183066361556065,0.20689655172413793,0.34285714285714286,0.0
2.0,entropy,3,1.0,none,False,10,0.20689655172413793,0.11947189512920021,0.5074370709382151,0.20689655172413793,0.34285714285714286,0.0
2.0,entropy,3,1.0,none,False,20,0.20689655172413793,0.12201346731362954,0.5106788710907704,0.20689655172413793,0.34285714285714286,0.0
2.0,entropy,3,1.0,none,True,5,0.20689655172413793,0.13484916492654622,0.518206270825806,0.20689655172413793,0.34285714285714286,0.0
2.0,entropy,3,1.0,none,True,10,0.20689655172413793,0.12239587173738735,0.5073668152073548,0.20689655172413793,0.34285714285714286,0.0
2.0,entropy,3,1.0,none,True,20,0.20689655172413793,0.12441530524178326,0.5105584326950099,0.20689655172413793,0.34285714285714286,0.0
2.0,entropy,3,1.0,sqrt,False,5,0.20689655172413793,0.14013483929116793,0.5183869284194468,0.20689655172413793,0.34285714285714286,0.0
2.0,entropy,3,1.0,sqrt,False,10,0.20689655172413793,0.12386830281508159,0.5074270344052351,0.20689655172413793,0.34285714285714286,0.0
2.0,entropy,3,1.0,sqrt,False,20,0.20689655172413793,0.12729751075556772,0.5106387249588502,0.20689655172413793,0.34285714285714286,0.0
2.0,entropy,3,1.0,sqrt,True,5,0.20689655172413793,0.13518654684287548,0.518226343891766,0.20689655172413793,0.34285714285714286,0.0
2.0,entropy,3,1.0,sqrt,True,10,0.20689655172413793,0.12239587173738735,0.5073668152073548,0.20689655172413793,0.34285714285714286,0.0
2.0,entropy,3,1.0,sqrt,True,20,0.20689655172413793,0.12368431108973647,0.5105383596290497,0.20689655172413793,0.34285714285714286,0.0
2.0,entropy,3,1.0,len,False,5,0.20689655172413793,0.14013483929116793,0.5183869284194468,0.20689655172413793,0.34285714285714286,0.0
2.0,entropy,3,1.0,len,False,10,0.20689655172413793,0.12386830281508159,0.5074270344052351,0.20689655172413793,0.34285714285714286,0.0
2.0,entropy,3,1.0,len,False,20,0.20689655172413793,0.12729751075556772,0.5106387249588502,0.20689655172413793,0.34285714285714286,0.0
2.0,entropy,3,1.0,len,True,5,0.20689655172413793,0.13580456917142414,0.5182664900236862,0.20689655172413793,0.34285714285714286,0.0
2.0,entropy,3,1.0,len,True,10,0.20689655172413793,0.12719954759369478,0.507406961339275,0.20689655172413793,0.34285714285714286,0.0
2.0,entropy,3,1.0,len,True,20,0.20689655172413793,0.12441530524178326,0.5105584326950099,0.20689655172413793,0.34285714285714286,0.0
2.5,surprisal,3,0.25,none,False,5,0.6606170598911071,0.3365432137190581,0.6973282749207114,0.20689655172413793,0.42813455657492355,3.0
2.5,surprisal,3,0.25,none,False,10,0.676950998185118,0.31766398563722215,0.6872616323417239,0.20689655172413793,0.43670886075949367,3.0
2.5,surprisal,3,0.25,none,False,20,0.5807622504537205,0.3069579785646957,0.6771749166967763,0.20689655172413793,0.40616966580976865,2.0
2.5,surprisal,3,0.25,none,True,5,0.6225045372050817,0.3364033091867601,0.6887068930908506,0.20689655172413793,0.44680851063829785,7.044428440195578
2.5,surprisal,3,0.25,none,True,10,0.6243194192377496,0.31715849945951374,0.6788911638363644,0.20689655172413793,0.4420485175202156,6.105060963892052
2.5,surprisal,3,0.25,none,True,20,0.6551724137931034,0.30684523650157264,0.66736922397527,0.20689655172413793,0.4311377245508982,6.560405401886262
2.5,surprisal,3,0.25,sqrt,False,5,0.6569872958257713,0.38131196385171384,0.7009715363924686,0.20689655172413793,0.4391691394658754,0.4681645887845223
2.5,surprisal,3,0.25,sqrt,False,10,0.604355716878403,0.3512130918930256,0.6834176402103658,0.20689655172413793,0.4293193717277487,0.35355339059327373
2.5,surprisal,3,0.25,sqrt,False,20,0.5970961887477314,0.32635739317233425,0.6658737805612429,0.20689655172413793,0.4126984126984127,0.31234752377721214
2.5,surprisal,3,0.25,sqrt,True,5,0.676950998185118,0.3207043229138591,0.6808181781685335,0.20689655172413793,0.42948717948717946,1.9767019832532438
2.5,surprisal,3,0.25,sqrt,True,10,0.5952813067150635,0.29450858399215524,0.6614878156489622,0.20689655172413793,0.4267352185089974,1.0036658399013219
2.5,surprisal,3,0.25,sqrt,True,20,0.5644283121597096,0.28050276748861325,0.6394475892247782,0.20689655172413793,0.4088669950738916,0.791029855789912
2.5,surprisal,3,0.25,len,False,5,0.5607985480943739,0.30950583135868887,0.6756895098157293,0.20689655172413793,0.4372093023255814,0.06451612903225806
2.5,surprisal,3,0.25,len,False,10,0.5934664246823956,0.2707517131710374,0.6433116544220965,0.20689655172413793,0.41361256544502617,0.06289308176100629
2.5,surprisal,3,0.25,len,False,20,0.5626134301270418,0.25730976167405106,0.6203179573648079,0.20689655172413793,0.39900249376558605,0.05405405405405406
2.5,surprisal,3,0.25,len,True,5,0.5372050816696915,0.2936232173821583,0.6526556666265205,0.20689655172413793,0.41647597254004576,0.17231551654199254
2.5,surprisal,3,0.25,len,True,10,0.49183303085299457,0.2689002651215368,0.6225862138182986,0.20689655172413793,0.4092827004219409,0.0851734877954406
2.5,surprisal,3,0.25,len,True,20,0.5045372050816697,0.26107477778771043,0.5986791922598258,0.20689655172413793,0.4,0.08329730767683613
2.5,surprisal,3,0.5,none,False,5,0.7313974591651543,0.3382773476361757,0.6975791882452126,0.20689655172413793,0.45185185185185184,3.0
2.5,surprisal,3,0.5,none,False,10,0.7259528130671506,0.2979760214830329,0.6755289252880485,0.20689655172413793,0.421455938697318,3.0
2.5,surprisal,3,0.5,none,False,20,0.6497277676950998,0.3098797685604961,0.6777871452085592,0.20689655172413793,0.4133738601823708,2.0
2.5,surprisal,3,0.5,none,True,5,0.6297640653357531,0.3491696009146254,0.699787225500823,0.20689655172413793,0.4603174603174603,2.2396654912736267
2.5,surprisal,3,0.5,none,True,10,0.6333938294010889,0.33103169946214206,0.6900116423782569,0.20689655172413793,0.45989304812834225,2.287575091881445
2.5,surprisal,3,0.5,none,True,20,0.6370235934664247,0.3232598347910154,0.6825846079730218,0.20689655172413793,0.45652173913043476,2.294421252383472
2.5,surprisal,3,0.5,sqrt,False,5,0.7295825771324864,0.3840875843506727,0.6970071058653499,0.20689655172413793,0.4581818181818182,0.41602514716892186
2.5,surprisal,3,0.5,sqrt,False,10,0.6261343012704175,0.32939676010954955,0.6658737805612429,0.20689655172413793,0.42134831460674155,0.2519763153394848
2.5,surprisal,3,0.5,sqrt,False,20,0.6370235934664247,0.34021745768826206,0.667148420249709,0.20689655172413793,0.4186046511627907,0.2519763153394848
2.5,surprisal,3,0.5,sqrt,True,5,0.7277676950998185,0.33709229955731795,0.6962744389578064,0.20689655172413793,0.4485294117647059,1.0212063502168895
2.5,surprisal,3,0.5,sqrt,True,10,0.6805807622504537,0.3138632613267497,0.6809185434983339,0.20689655172413793,0.45,0.6303059538644549
2.5,surprisal,3,0.5,sqrt,True,20,0.6370235934664247,0.30536408535413295,0.6668673973262677,0.20689655172413793,0.45054945054945056,0.4441202614957334
2.5,surprisal,3,0.5,len,False,5,0.6896551724137931,0.3377726512423958,0.6760809346019511,0.20689655172413793,0.4318936877076412,0.06289308176100629
2.5,surprisal,3,0.5,len,False,10,0.7078039927404719,0.2748236161825198,0.6352523184391184,0.20689655172413793,0.40148698884758366,0.06315789473684211
2.5,surprisal,3,0.5,len,False,20,0.49364791288566245,0.2683641079714396,0.6338672768878718,0.20689655172413793,0.40764331210191085,0.0196078431372549
2.5,surprisal,3,0.5,len,True,5,0.647912885662432,0.3138211038774105,0.6808181781685335,0.20689655172413793,0.44886363636363635,0.09189626378139859
2.5,surprisal,3,0.5,len,True,10,0.617059891107078,0.29479266227136985,0.6589586093379903,0.20689655172413793,0.4490861618798956,0.07184386961285329
2.5,surprisal,3,0.5,len,True,20,0.6116152450090744,0.2877429312874014,0.6477377654662974,0.20689655172413793,0.43386243386243384,0.0675090137852712
2.5,surprisal,3,1.0,none,False,5,0.6261343012704175,0.3262398299388276,0.6797944518045687,0.20689655172413793,0.430939226519337,1.0
2.5,surprisal,3,1.0,none,False,10,0.6279491833030852,0.28648315684787107,0.6674896623710306,0.20689655172413793,0.42896935933147634,1.0
2.5,surprisal,3,1.0,none,False,20,0.6279491833030852,0.29251645037831653,0.6729194267132362,0.20689655172413793,0.42896935933147634,1.0
2.5,surprisal,3,1.0,none,True,5,0.6787658802177858,0.33197780376408903,0.6732104861696575,0.20689655172413793,0.4416403785488959,0.5349111280285799
2.5,surprisal,3,1.0,none,True,10,0.6588021778584392,0.3123951436334851,0.6682022562126139,0.20689655172413793,0.44047619047619047,0.2868289609482533
2.5,surprisal,3,1.0,none,True,20,0.6860254083484574,0.3163031356702592,0.6708719739853065,0.20689655172413793,0.4507936507936508,0.6658063295033787
2.5,surprisal,3,1.0,sqrt,False,5,0.6696914700544465,0.3805361220779098,0.6788710907704043,0.20689655172413793,0.45180722891566266,0.15249857033260467
2.5,surprisal,3,1.0,sqrt,False,10,0.6533575317604355,0.3190943994945241,0.6615580713798226,0.20689655172413793,0.4463768115942029,0.12909944487358055
2.5,surprisal,3,1.0,sqrt,False,20,0.6642468239564429,0.3249466554460574,0.6704905857320648,0.20689655172413793,0.4444444444444444,0.14907119849998599
2.5,surprisal,3,1.0,sqrt,True,5,0.691470054446461,0.32411858601020954,0.6718053715524509,0.20689655172413793,0.45161290322580644,0.10059471469856095
2.5,surprisal,3,1.0,sqrt,True,10,0.662431941923775,0.3004097595256181,0.6636858163715926,0.20689655172413793,0.4397590361445783,0.04922948658616523
2.5,surprisal,3,1.0,sqrt,True,20,0.6860254083484574,0.3119734259926596,0.6673993335742101,0.20689655172413793,0.4437299035369775,0.11769904263719098
2.5,surprisal,3,1.0,len,False,5,0.6606170598911071,0.3088427197604483,0.6664157533421655,0.20689655172413793,0.45481049562682213,0.019230769230769232
2.5,surprisal,3,1.0,len,False,10,0.6569872958257713,0.27514423890361484,0.6462021759203501,0.20689655172413793,0.44574780058651026,0.016666666666666666
2.5,surprisal,3,1.0,len,False,20,0.6751361161524501,0.274064730091063,0.6523445341041391,0.20689655172413793,0.4525993883792049,0.022222222222222223
2.5,surprisal,3,1.0,len,True,5,0.6842105263157895,0.3077984907097833,0.6647597254004577,0.20689655172413793,0.4423076923076923,0.01473239911444101
2.5,surprisal,3,1.0,len,True,10,0.6551724137931034,0.2908223515252305,0.6545324982937893,0.20689655172413793,0.4411764705882353,0.0050097046365925125
2.5,surprisal,3,1.0,len,True,20,0.6460980036297641,0.29608070056444563,0.6579047733750853,0.20689655172413793,0.44126074498567336,0.003026990616488508
2.5,entropy,3,0.25,none,False,5,0.5716878402903811,0.2918240697750542,0.6784294833192822,0.20689655172413793,0.42718446601941745,2.0
2.5,entropy,3,0.25,none,False,10,0.6098003629764065,0.29230691680014287,0.6731000843068771,0.20689655172413793,0.4173441734417344,2.0
2.5,entropy,3,0.25,none,False,20,0.4591651542649728,0.24012851107856237,0.6509795656188526,0.20689655172413793,0.404,1.0
2.5,entropy,3,0.25,none,True,5,0.6751361161524501,0.35566494461816534,0.683046288490104,0.20689655172413793,0.43174603174603177,2.925843042274149
2.5,entropy,3,0.25,none,True,10,0.6352087114337568,0.32531824636961976,0.6626520534746477,0.20689655172413793,0.41055718475073316,1.8533103071845924
2.5,entropy,3,0.25,none,True,20,0.4627949183303085,0.30312163612063603,0.6328836966558272,0.20689655172413793,0.40562248995983935,0.014243294525974726
2.5,entropy,3,0.25,sqrt,False,5,0.5517241379310345,0.30381423946573066,0.6652013328515798,0.20689655172413793,0.4295612009237875,0.2519763153394848
2.5,entropy,3,0.25,sqrt,False,10,0.5898366606170599,0.3419537479064273,0.6559777590429162,0.20689655172413793,0.4175257731958763,0.2519763153394848
2.5,entropy,3,0.25,sqrt,False,20,0.4591651542649728,0.277400325243611,0.6174374723995343,0.20689655172413793,0.404,0.105999788000636
2.5,entropy,3,0.25,sqrt,True,5,0.6606170598911071,0.36424087797698773,0.6760207154040708,0.20689655172413793,0.41009463722397477,0.5112044084670236
2.5,entropy,3,0.25,sqrt,True,10,0.43738656987295826,0.29291152844522234,0.6386848127182946,0.20689655172413793,0.3992248062015504,0.003806680583936441
2.5,entropy,3,0.25,sqrt,True,20,0.4627949183303085,0.2731331204766007,0.6091372596250352,0.20689655172413793,0.40562248995983935,0.003632646874588428
2.5,entropy,3,0.25,len,False,5,0.47731397459165154,0.2530344349735112,0.6114757718093862,0.20689655172413793,0.4049586776859504,0.0425531914893617
2.5,entropy,3,0.25,len,False,10,0.4337568058076225,0.27107755204406725,0.6097795977357582,0.20689655172413793,0.39768339768339767,0.008771929824561403
2.5,entropy,3,0.25,len,False,20,0.4591651542649728,0.24756045406378185,0.5749327552290336,0.20689655172413793,0.404,0.011235955056179775
2.5,entropy,3,0.25,len,True,5,0.46823956442831216,0.3222670211243084,0.6399293428078204,0.20689655172413793,0.39835728952772076,0.02969901639211967
2.5,entropy,3,0.25,len,True,10,0.43738656987295826,0.2620511828241169,0.6037777510136898,0.20689655172413793,0.3992248062015504,0.0008792535389322195
2.5,entropy,3,0.25,len,True,20,0.46098003629764067,0.24465830993773244,0.583463808262074,0.20689655172413793,0.40480961923847697,0.0003917183865556733
2.5,entropy,3,0.5,none,False,5,0.6533575317604355,0.2799272012992097,0.6702697820065037,0.20689655172413793,0.4365781710914454,1.0
2.5,entropy,3,0.5,none,False,10,0.6606170598911071,0.2624702879265589,0.6778774740053796,0.20689655172413793,0.45161290322580644,1.0
2.5,entropy,3,0.5,none,False,20,0.6588021778584392,0.24893263123445994,0.668854630856317,0.20689655172413793,0.4470588235294118,1.0
2.5,entropy,3,0.5,none,True,5,0.6878402903811253,0.3438902389704976,0.6789313099682845,0.20689655172413793,0.44871794871794873,0.1022647762910105
2.5,entropy,3,0.5,none,True,10,0.6660617059891107,0.3420976580254036,0.6882953952386688,0.20689655172413793,0.4523809523809524,0.014243294525974726
2.5,entropy,3,0.5,none,True,20,0.6660617059891107,0.34961779061399684,0.6841503071179091,0.20689655172413793,0.4523809523809524,0.014243294525974726
2.5,entropy,3,0.5,sqrt,False,5,0.6533575317604355,0.32570117045337027,0.6698382110883616,0.20689655172413793,0.4365781710914454,0.08638684255813601
2.5,entropy,3,0.5,sqrt,False,10,0.6606170598911071,0.3145391965375225,0.6712433257055682,0.20689655172413793,0.45161290322580644,0.07930515857181442
2.5,entropy,3,0.5,sqrt,False,20,0.6588021778584392,0.3019064748423799,0.6630836243927898,0.20689655172413793,0.4470588235294118,0.07930515857181442
2.5,entropy,3,0.5,sqrt,True,5,0.6860254083484574,0.35716954235462667,0.6779075836043197,0.20689655172413793,0.45425867507886436,0.012075152694025433
2.5,entropy,3,0.5,sqrt,True,10,0.6678765880217786,0.34208846345795596,0.6847826086956522,0.20689655172413793,0.4537313432835821,0.0029071851223714394
2.5,entropy,3,0.5,sqrt,True,20,0.6678765880217786,0.3513674104292232,0.6823437311815007,0.20689655172413793,0.4537313432835821,0.003632646874588428
2.5,entropy,3,0.5,len,False,5,0.6533575317604355,0.3014720693297756,0.6591292303986511,0.20689655172413793,0.4365781710914454,0.007462686567164179
2.5,entropy,3,0.5,len,False,10,0.6606170598911071,0.2951730546716346,0.662722309205508,0.20689655172413793,0.45161290322580644,0.006289308176100629
2.5,entropy,3,0.5,len,False,20,0.6588021778584392,0.2802586282516973,0.6549038500140512,0.20689655172413793,0.4470588235294118,0.006289308176100629
2.5,entropy,3,0.5,len,True,5,0.6805807622504537,0.3578887088596498,0.6732305592356177,0.20689655172413793,0.45,0.001958848430395761
2.5,entropy,3,0.5,len,True,10,0.6606170598911071,0.33845476206987796,0.6777369625436589,0.20689655172413793,0.45161290322580644,8.814888302789969e-05
2.5,entropy,3,0.5,len,True,20,0.6642468239564429,0.34836464227764696,0.6768035649765145,0.20689655172413793,0.45103857566765576,0.0003917183865556733
2.5,entropy,3,1.0,none,False,5,0.20689655172413793,0.11233396656004316,0.5,0.20689655172413793,0.34285714285714286,0.0
2.5,entropy,3,1.0,none,False,10,0.20689655172413793,0.11233396656004316,0.5,0.20689655172413793,0.34285714285714286,0.0
2.5,entropy,3,1.0,none,False,20,0.20689655172413793,0.11233396656004316,0.5,0.20689655172413793,0.34285714285714286,0.0
2.5,entropy,3,1.0,none,True,5,0.20689655172413793,0.11233396656004316,0.5,0.20689655172413793,0.34285714285714286,0.0
2.5,entropy,3,1.0,none,True,10,0.20689655172413793,0.11233396656004316,0.5,0.20689655172413793,0.34285714285714286,0.0
2.5,entropy,3,1.0,none,True,20,0.20689655172413793,0.11233396656004316,0.5,0.20689655172413793,0.34285714285714286,0.0
2.5,entropy,3,1.0,sqrt,False,5,0.20689655172413793,0.11233396656004316,0.5,0.20689655172413793,0.34285714285714286,0.0
2.5,entropy,3,1.0,sqrt,False,10,0.20689655172413793,0.11233396656004316,0.5,0.20689655172413793,0.34285714285714286,0.0
2.5,entropy,3,1.0,sqrt,False,20,0.20689655172413793,0.11233396656004316,0.5,0.20689655172413793,0.34285714285714286,0.0
2.5,entropy,3,1.0,sqrt,True,5,0.20689655172413793,0.11233396656004316,0.5,0.20689655172413793,0.34285714285714286,0.0
2.5,entropy,3,1.0,sqrt,True,10,0.20689655172413793,0.11233396656004316,0.5,0.20689655172413793,0.34285714285714286,0.0
2.5,entropy,3,1.0,sqrt,True,20,0.20689655172413793,0.11233396656004316,0.5,0.20689655172413793,0.34285714285714286,0.0
2.5,entropy,3,1.0,len,False,5,0.20689655172413793,0.11233396656004316,0.5,0.20689655172413793,0.34285714285714286,0.0
2.5,entropy,3,1.0,len,False,10,0.20689655172413793,0.11233396656004316,0.5,0.20689655172413793,0.34285714285714286,0.0
2.5,entropy,3,1.0,len,False,20,0.20689655172413793,0.11233396656004316,0.5,0.20689655172413793,0.34285714285714286,0.0
2.5,entropy,3,1.0,len,True,5,0.20689655172413793,0.11233396656004316,0.5,0.20689655172413793,0.34285714285714286,0.0
2.5,entropy,3,1.0,len,True,10,0.20689655172413793,0.11233396656004316,0.5,0.20689655172413793,0.34285714285714286,0.0
2.5,entropy,3,1.0,len,True,20,0.20689655172413793,0.11233396656004316,0.5,0.20689655172413793,0.34285714285714286,0.0
3.0,surprisal,3,0.25,none,False,5,0.6860254083484574,0.3324659405276653,0.6944477899554378,0.20689655172413793,0.4401294498381877,3.0
3.0,surprisal,3,0.25,none,False,10,0.6061705989110708,0.3041084993143264,0.6807579589706532,0.20689655172413793,0.4244031830238727,2.0
3.0,surprisal,3,0.25,none,False,20,0.6116152450090744,0.28688138800021223,0.6565297683568189,0.20689655172413793,0.398876404494382,2.0
3.0,surprisal,3,0.25,none,True,5,0.5753176043557169,0.3291019464167576,0.682424023445341,0.20689655172413793,0.4320388349514563,4.6538733502384275
3.0,surprisal,3,0.25,none,True,10,0.6098003629764065,0.3093261963700255,0.6699385764181621,0.20689655172413793,0.4386422976501306,4.47243176502983
3.0,surprisal,3,0.25,none,True,20,0.5789473684210527,0.29588301956422614,0.6564695491589385,0.20689655172413793,0.4228855721393035,3.2678474213204813
3.0,surprisal,3,0.25,sqrt,False,5,0.6297640653357531,0.3721668204349833,0.6958428680396643,0.20689655172413793,0.4486486486486487,0.3511234415883917
3.0,surprisal,3,0.25,sqrt,False,10,0.5807622504537205,0.3382929916514665,0.674796258380505,0.20689655172413793,0.4267990074441687,0.2519763153394848
3.0,surprisal,3,0.25,sqrt,False,20,0.631578947368421,0.2914827632444337,0.6371994058372475,0.20689655172413793,0.39762611275964393,0.31234752377721214
3.0,surprisal,3,0.25,sqrt,True,5,0.6842105263157895,0.3119662801928871,0.6729093901802561,0.20689655172413793,0.43137254901960786,1.7824575764368027
3.0,surprisal,3,0.25,sqrt,True,10,0.5662431941923775,0.28943194417393103,0.652956762615922,0.20689655172413793,0.42409638554216866,0.6774937814648917
3.0,surprisal,3,0.25,sqrt,True,20,0.5916515426497277,0.2786396123261916,0.6292103255851299,0.20689655172413793,0.40633245382585753,0.6714368098696558
3.0,surprisal,3,0.25,len,False,5,0.617059891107078,0.3085401076091067,0.6672387490465294,0.20689655172413793,0.4403183023872679,0.06451612903225806
3.0,surprisal,3,0.25,len,False,10,0.4337568058076225,0.26351173242448506,0.6222750812959171,0.20689655172413793,0.3953488372093023,0.03125
3.0,surprisal,3,0.25,len,False,20,0.4246823956442831,0.23395825424101452,0.5860933799028464,0.20689655172413793,0.38684719535783363,0.013986013986013986
3.0,surprisal,3,0.25,len,True,5,0.5335753176043557,0.28946740563445195,0.6466337468384921,0.20689655172413793,0.41189931350114417,0.13743179561176
3.0,surprisal,3,0.25,len,True,10,0.4900181488203267,0.26715072725138217,0.6172467782729134,0.20689655172413793,0.4033970276008493,0.06202440723542254
3.0,surprisal,3,0.25,len,True,20,0.49364791288566245,0.2594971434408388,0.5947047251997271,0.20689655172413793,0.4,0.0481196481739992
3.0,surprisal,3,0.5,none,False,5,0.6787658802177858,0.33223517931647445,0.7000281022923441,0.20689655172413793,0.445141065830721,2.0
3.0,surprisal,3,0.5,none,False,10,0.6842105263157895,0.30188547014777006,0.6912461359348027,0.20689655172413793,0.43870967741935485,2.0
3.0,surprisal,3,0.5,none,False,20,0.542649727767695,0.29645203067398884,0.6839997591232084,0.20689655172413793,0.42727272727272725,1.0
3.0,surprisal,3,0.5,none,True,5,0.6406533575317604,0.3396923494357161,0.694708739812919,0.20689655172413793,0.45,1.7396654912736267
3.0,surprisal,3,0.5,none,True,10,0.617059891107078,0.32405387480652675,0.6902725922357381,0.20689655172413793,0.45194805194805193,1.3348953925129563
3.0,surprisal,3,0.5,none,True,20,0.6497277676950998,0.3123012620549815,0.6801959131237705,0.20689655172413793,0.4623955431754875,1.7321358856283533
3.0,surprisal,3,0.5,sqrt,False,5,0.7078039927404719,0.3889537755621322,0.7011722670520696,0.20689655172413793,0.46153846153846156,0.3086066999241838
3.0,surprisal,3,0.5,sqrt,False,10,0.6787658802177858,0.34973814012203475,0.6844614396402906,0.20689655172413793,0.4416403785488959,0.2519763153394848
3.0,surprisal,3,0.5,sqrt,False,20,0.5480943738656987,0.3376782538836869,0.6720061022120518,0.20689655172413793,0.42758620689655175,0.14002800840280097
3.0,surprisal,3,0.5,sqrt,True,5,0.6896551724137931,0.3238671133948829,0.6889276968164117,0.20689655172413793,0.44299674267100975,0.5579218604061433
3.0,surprisal,3,0.5,sqrt,True,10,0.617059891107078,0.30668091066251746,0.680717812838733,0.20689655172413793,0.4461942257217848,0.24746115725513723
3.0,surprisal,3,0.5,sqrt,True,20,0.6297640653357531,0.2969961047928701,0.6657834517644226,0.20689655172413793,0.4486486486486487,0.2733486704565657
3.0,surprisal,3,0.5,len,False,5,0.7313974591651543,0.34211051583787405,0.685374764141475,0.20689655172413793,0.4351145038167939,0.05970149253731343
3.0,surprisal,3,0.5,len,False,10,0.5353901996370236,0.2876219821084929,0.6571118872696615,0.20689655172413793,0.42342342342342343,0.0136986301369863
3.0,surprisal,3,0.5,len,False,20,0.542649727767695,0.2725969166551825,0.6441647597254004,0.20689655172413793,0.42727272727272725,0.012987012987012988
3.0,surprisal,3,0.5,len,True,5,0.6007259528130672,0.30524750292121033,0.6764221767232728,0.20689655172413793,0.4387755102040816,0.0413249708178917
3.0,surprisal,3,0.5,len,True,10,0.6188747731397459,0.2947584247898043,0.6623509574852463,0.20689655172413793,0.44148936170212766,0.047629033077078484
3.0,surprisal,3,0.5,len,True,20,0.6098003629764065,0.2869306003198853,0.6513709904050745,0.20689655172413793,0.4386422976501306,0.03904205939554166
3.0,surprisal,3,1.0,none,False,5,0.6787658802177858,0.3001659921538209,0.6679413063551327,0.20689655172413793,0.4416403785488959,1.0
3.0,surprisal,3,1.0,none,False,10,0.6751361161524501,0.26746556783225683,0.6548837769480911,0.20689655172413793,0.43174603174603177,1.0
3.0,surprisal,3,1.0,none,False,20,0.6696914700544465,0.2739436251603908,0.6613372676542615,0.20689655172413793,0.43478260869565216,1.0
3.0,surprisal,3,1.0,none,True,5,0.6860254083484574,0.3079675024991027,0.6628126380023285,0.20689655172413793,0.4472843450479233,0.034911128028579874
3.0,surprisal,3,1.0,none,True,10,0.6896551724137931,0.2911647240072972,0.6537195391224055,0.20689655172413793,0.44299674267100975,0.12652701308106762
3.0,surprisal,3,1.0,none,True,20,0.691470054446461,0.29828354787443245,0.6591593399975912,0.20689655172413793,0.44805194805194803,0.1658063295033787
3.0,surprisal,3,1.0,sqrt,False,5,0.7078039927404719,0.33886498658789216,0.6662953149464049,0.20689655172413793,0.4429065743944637,0.13736056394868904
3.0,surprisal,3,1.0,sqrt,False,10,0.6751361161524501,0.3051802172007964,0.6481693363844394,0.20689655172413793,0.43174603174603177,0.08362420100070908
3.0,surprisal,3,1.0,sqrt,False,20,0.6878402903811253,0.3067994048776576,0.6561885262354972,0.20689655172413793,0.44155844155844154,0.11785113019775793
3.0,surprisal,3,1.0,sqrt,True,5,0.6932849364791288,0.3024039702717143,0.6612469388574411,0.20689655172413793,0.4495114006514658,0.01490496215951874
3.0,surprisal,3,1.0,sqrt,True,10,0.6878402903811253,0.2801083061371968,0.6501264603155485,0.20689655172413793,0.44155844155844154,0.02236702723822548
3.0,surprisal,3,1.0,sqrt,True,20,0.6932849364791288,0.2946145809001645,0.6562487454333775,0.20689655172413793,0.4495114006514658,0.029310694988872548
3.0,surprisal,3,1.0,len,False,5,0.7150635208711433,0.2873756781987402,0.6577040427154843,0.20689655172413793,0.44912280701754387,0.018867924528301886
3.0,surprisal,3,1.0,len,False,10,0.6751361161524501,0.2586062542597142,0.638343570596973,0.20689655172413793,0.43174603174603177,0.006993006993006993
3.0,surprisal,3,1.0,len,False,20,0.6842105263157895,0.261073358996676,0.6444558191818218,0.20689655172413793,0.43870967741935485,0.013071895424836602
3.0,surprisal,3,1.0,len,True,5,0.7005444646098004,0.2923513900852605,0.6571520334015818,0.20689655172413793,0.45544554455445546,0.002954854872595294
3.0,surprisal,3,1.0,len,True,10,0.6878402903811253,0.2771856145057227,0.6439640290657995,0.20689655172413793,0.44155844155844154,0.0038750695961235608
3.0,surprisal,3,1.0,len,True,20,0.6896551724137931,0.28500480943655115,0.6501063872495885,0.20689655172413793,0.44660194174757284,0.004027663854763351
3.0,entropy,3,0.25,none,False,5,0.662431941923775,0.28682302349476396,0.6634549761130515,0.20689655172413793,0.422360248447205,2.0
3.0,entropy,3,0.25,none,False,10,0.7023593466424682,0.253413800589564,0.6448773535669838,0.20689655172413793,0.3925925925925926,2.0
3.0,entropy,3,0.25,none,False,20,0.515426497277677,0.24305356241132675,0.6108936528965434,0.20689655172413793,0.3657957244655582,1.0
3.0,entropy,3,0.25,none,True,5,0.6515426497277677,0.3542314133446852,0.6720863944758922,0.20689655172413793,0.42857142857142855,1.6464075948350319
3.0,entropy,3,0.25,none,True,10,0.6842105263157895,0.30743925099223396,0.6369083463808262,0.20689655172413793,0.4,1.508176237721515
3.0,entropy,3,0.25,none,True,20,0.5353901996370236,0.2797872510329,0.5980468906820828,0.20689655172413793,0.37254901960784315,0.18683311798328317
3.0,entropy,3,0.25,sqrt,False,5,0.6533575317604355,0.31015567544566247,0.6524147898349993,0.20689655172413793,0.4332344213649852,0.2519763153394848
3.0,entropy,3,0.25,sqrt,False,10,0.49364791288566245,0.28354778891693283,0.6208900397446706,0.20689655172413793,0.38949671772428884,0.0936585811581694
3.0,entropy,3,0.25,sqrt,False,20,0.515426497277677,0.27904303258204743,0.5880906499658758,0.20689655172413793,0.3657957244655582,0.07930515857181442
3.0,entropy,3,0.25,sqrt,True,5,0.6460980036297641,0.3601261015674977,0.6641575334216548,0.20689655172413793,0.417910447761194,0.29047878370305547
3.0,entropy,3,0.25,sqrt,True,10,0.4954627949183303,0.27368911067067225,0.6152294351439239,0.20689655172413793,0.39035087719298245,0.0028297825644353377
3.0,entropy,3,0.25,sqrt,True,20,0.5408348457350273,0.2471268541520643,0.579238427877474,0.20689655172413793,0.37530864197530867,0.03638318835692742
3.0,entropy,3,0.25,len,False,5,0.47186932849364793,0.259728996985809,0.6054337789553976,0.20689655172413793,0.39751552795031053,0.02040816326530612
3.0,entropy,3,0.25,len,False,10,0.49364791288566245,0.2509113524181631,0.5824400818981091,0.20689655172413793,0.38949671772428884,0.008771929824561403
3.0,entropy,3,0.25,len,False,20,0.515426497277677,0.23539362103027123,0.5598679192259826,0.20689655172413793,0.3657957244655582,0.006289308176100629
3.0,entropy,3,0.25,len,True,5,0.4627949183303085,0.31438593491367234,0.632642819864306,0.20689655172413793,0.39591836734693875,0.0036617459266237735
3.0,entropy,3,0.25,len,True,10,0.4954627949183303,0.2429734773681926,0.5873078003934321,0.20689655172413793,0.39035087719298245,0.0004868155544794158
3.0,entropy,3,0.25,len,True,20,0.5281306715063521,0.22461014656644054,0.5600485768196234,0.20689655172413793,0.36893203883495146,0.0043486227623001665
3.0,entropy,3,0.5,none,False,5,0.7604355716878403,0.22701830997628542,0.6369183829138062,0.20689655172413793,0.42105263157894735,1.0
3.0,entropy,3,0.5,none,False,10,0.7531760435571688,0.19797349110972523,0.6115159179413063,0.20689655172413793,0.38181818181818183,1.0
3.0,entropy,3,0.5,none,False,20,0.7622504537205081,0.22694820349092074,0.6234995383194829,0.20689655172413793,0.39631336405529954,1.0
3.0,entropy,3,0.5,none,True,5,0.7622504537205081,0.2718736061304163,0.6356537797583203,0.20689655172413793,0.42290748898678415,0.001589031702025956
3.0,entropy,3,0.5,none,True,10,0.7822141560798548,0.2716508330359203,0.6181500662411177,0.20689655172413793,0.3939393939393939,0.13167903321179253
3.0,entropy,3,0.5,none,True,20,0.778584392014519,0.27900905898019746,0.6251254566622506,0.20689655172413793,0.4019607843137255,0.054852239384197254
3.0,entropy,3,0.5,sqrt,False,5,0.7604355716878403,0.29596656692246076,0.63558352402746,0.20689655172413793,0.42105263157894735,0.07930515857181442
3.0,entropy,3,0.5,sqrt,False,10,0.7531760435571688,0.23852877801014252,0.6103416435826408,0.20689655172413793,0.38181818181818183,0.07930515857181442
3.0,entropy,3,0.5,sqrt,False,20,0.7767695099818511,0.2808569632699949,0.6247541049419888,0.20689655172413793,0.4,0.10259783520851541
3.0,entropy,3,0.5,sqrt,True,5,0.7622504537205081,0.28953508568222686,0.6361756794732828,0.20689655172413793,0.42290748898678415,0.0002451929148185696
3.0,entropy,3,0.5,sqrt,True,10,0.7822141560798548,0.27959734816532217,0.6172869244048336,0.20689655172413793,0.3939393939393939,0.014410414178220811
3.0,entropy,3,0.5,sqrt,True,20,0.7822141560798548,0.2829338254745989,0.6253462603878116,0.20689655172413793,0.40594059405940597,0.011969739953139135
3.0,entropy,3,0.5,len,False,5,0.7604355716878403,0.3013498233282525,0.6350214781805773,0.20689655172413793,0.42105263157894735,0.006289308176100629
3.0,entropy,3,0.5,len,False,10,0.7531760435571688,0.2354507293699194,0.6100505841262195,0.20689655172413793,0.38181818181818183,0.006289308176100629
3.0,entropy,3,0.5,len,False,20,0.7767695099818511,0.26932076050692755,0.6229073828736601,0.20689655172413793,0.4,0.010526315789473684
3.0,entropy,3,0.5,len,True,5,0.7622504537205081,0.2976871213310693,0.6362961178690433,0.20689655172413793,0.42290748898678415,3.783408814347514e-05
3.0,entropy,3,0.5,len,True,10,0.7676950998185118,0.2757837337963814,0.6161226865791481,0.20689655172413793,0.3904761904761905,0.0007544706916566057
3.0,entropy,3,0.5,len,True,20,0.7658802177858439,0.28898795557509654,0.6252659681239713,0.20689655172413793,0.4,8.894305046001027e-05
3.0,entropy,3,1.0,none,False,5,0.20689655172413793,0.11233396656004316,0.5,0.20689655172413793,0.34285714285714286,0.0
3.0,entropy,3,1.0,none,False,10,0.20689655172413793,0.11233396656004316,0.5,0.20689655172413793,0.34285714285714286,0.0
3.0,entropy,3,1.0,none,False,20,0.20689655172413793,0.11233396656004316,0.5,0.20689655172413793,0.34285714285714286,0.0
3.0,entropy,3,1.0,none,True,5,0.20689655172413793,0.11233396656004316,0.5,0.20689655172413793,0.34285714285714286,0.0
3.0,entropy,3,1.0,none,True,10,0.20689655172413793,0.11233396656004316,0.5,0.20689655172413793,0.34285714285714286,0.0
3.0,entropy,3,1.0,none,True,20,0.20689655172413793,0.11233396656004316,0.5,0.20689655172413793,0.34285714285714286,0.0
3.0,entropy,3,1.0,sqrt,False,5,0.20689655172413793,0.11233396656004316,0.5,0.20689655172413793,0.34285714285714286,0.0
3.0,entropy,3,1.0,sqrt,False,10,0.20689655172413793,0.11233396656004316,0.5,0.20689655172413793,0.34285714285714286,0.0
3.0,entropy,3,1.0,sqrt,False,20,0.20689655172413793,0.11233396656004316,0.5,0.20689655172413793,0.34285714285714286,0.0
3.0,entropy,3,1.0,sqrt,True,5,0.20689655172413793,0.11233396656004316,0.5,0.20689655172413793,0.34285714285714286,0.0
3.0,entropy,3,1.0,sqrt,True,10,0.20689655172413793,0.11233396656004316,0.5,0.20689655172413793,0.34285714285714286,0.0
3.0,entropy,3,1.0,sqrt,True,20,0.20689655172413793,0.11233396656004316,0.5,0.20689655172413793,0.34285714285714286,0.0
3.0,entropy,3,1.0,len,False,5,0.20689655172413793,0.11233396656004316,0.5,0.20689655172413793,0.34285714285714286,0.0
3.0,entropy,3,1.0,len,False,10,0.20689655172413793,0.11233396656004316,0.5,0.20689655172413793,0.34285714285714286,0.0
3.0,entropy,3,1.0,len,False,20,0.20689655172413793,0.11233396656004316,0.5,0.20689655172413793,0.34285714285714286,0.0
3.0,entropy,3,1.0,len,True,5,0.20689655172413793,0.11233396656004316,0.5,0.20689655172413793,0.34285714285714286,0.0
3.0,entropy,3,1.0,len,True,10,0.20689655172413793,0.11233396656004316,0.5,0.20689655172413793,0.34285714285714286,0.0
3.0,entropy,3,1.0,len,True,20,0.20689655172413793,0.11233396656004316,0.5,0.20689655172413793,0.34285714285714286,0.0
